{"cameraMode":{"drawMode":0,"name":"Shaded","section":"Shading Mode"},"sceneLighting":false,"audioPlay":false,"sceneViewState":{"showFog":true,"showMaterialUpdate":false,"showSkybox":true,"showFlares":true,"showImageEffects":true,"showParticleSystems":true},"in2DMode":false,"pivot":{"x":649.8952026367188,"y":56.10083770751953,"z":755.3480224609375},"rotation":{"x":0.08242000639438629,"y":-0.4989449083805084,"z":0.04775514081120491,"w":0.8614090085029602},"size":36.206398010253909,"orthographic":true}